class	path
com.netflix.conductor.metrics.Monitors	/private/tmp/projects/conductor/core/src/main/java/com/netflix/conductor/metrics/Monitors.java
com.netflix.conductor.model.TaskModel	/private/tmp/projects/conductor/core/src/main/java/com/netflix/conductor/model/TaskModel.java
com.netflix.conductor.model.TaskModel$Status	/private/tmp/projects/conductor/core/src/main/java/com/netflix/conductor/model/TaskModel.java
com.netflix.conductor.model.WorkflowModel	/private/tmp/projects/conductor/core/src/main/java/com/netflix/conductor/model/WorkflowModel.java
com.netflix.conductor.model.WorkflowModel$Status	/private/tmp/projects/conductor/core/src/main/java/com/netflix/conductor/model/WorkflowModel.java
com.netflix.conductor.core.execution.tasks.SystemTaskRegistry	/private/tmp/projects/conductor/core/src/main/java/com/netflix/conductor/core/execution/tasks/SystemTaskRegistry.java
com.netflix.conductor.metrics.WorkflowMonitor	/private/tmp/projects/conductor/core/src/main/java/com/netflix/conductor/metrics/WorkflowMonitor.java
com.netflix.conductor.service.MetadataService	/private/tmp/projects/conductor/core/src/main/java/com/netflix/conductor/service/MetadataService.java
com.netflix.conductor.dao.QueueDAO	/private/tmp/projects/conductor/core/src/main/java/com/netflix/conductor/dao/QueueDAO.java
com.netflix.conductor.core.utils.Utils	/private/tmp/projects/conductor/core/src/main/java/com/netflix/conductor/core/utils/Utils.java
com.netflix.conductor.core.dal.ExecutionDAOFacade	/private/tmp/projects/conductor/core/src/main/java/com/netflix/conductor/core/dal/ExecutionDAOFacade.java
com.netflix.conductor.core.dal.ExecutionDAOFacade$DelayWorkflowUpdate	/private/tmp/projects/conductor/core/src/main/java/com/netflix/conductor/core/dal/ExecutionDAOFacade.java
com.netflix.conductor.core.execution.tasks.WorkflowSystemTask	/private/tmp/projects/conductor/core/src/main/java/com/netflix/conductor/core/execution/tasks/WorkflowSystemTask.java
com.netflix.conductor.core.execution.WorkflowExecutor	/private/tmp/projects/conductor/core/src/main/java/com/netflix/conductor/core/execution/WorkflowExecutor.java
com.netflix.conductor.annotations.Trace	/private/tmp/projects/conductor/core/src/main/java/com/netflix/conductor/annotations/Trace.java
com.netflix.conductor.dao.MetadataDAO	/private/tmp/projects/conductor/core/src/main/java/com/netflix/conductor/dao/MetadataDAO.java
com.netflix.conductor.core.execution.DeciderService	/private/tmp/projects/conductor/core/src/main/java/com/netflix/conductor/core/execution/DeciderService.java
com.netflix.conductor.core.execution.DeciderService$DeciderOutcome	/private/tmp/projects/conductor/core/src/main/java/com/netflix/conductor/core/execution/DeciderService.java
com.netflix.conductor.core.config.ConductorProperties	/private/tmp/projects/conductor/core/src/main/java/com/netflix/conductor/core/config/ConductorProperties.java
com.netflix.conductor.core.metadata.MetadataMapperService	/private/tmp/projects/conductor/core/src/main/java/com/netflix/conductor/core/metadata/MetadataMapperService.java
com.netflix.conductor.core.utils.ParametersUtils	/private/tmp/projects/conductor/core/src/main/java/com/netflix/conductor/core/utils/ParametersUtils.java
com.netflix.conductor.core.utils.ParametersUtils$1	/private/tmp/projects/conductor/core/src/main/java/com/netflix/conductor/core/utils/ParametersUtils.java
com.netflix.conductor.core.utils.IDGenerator	/private/tmp/projects/conductor/core/src/main/java/com/netflix/conductor/core/utils/IDGenerator.java
com.netflix.conductor.core.listener.WorkflowStatusListener	/private/tmp/projects/conductor/core/src/main/java/com/netflix/conductor/core/listener/WorkflowStatusListener.java
com.netflix.conductor.service.ExecutionLockService	/private/tmp/projects/conductor/core/src/main/java/com/netflix/conductor/service/ExecutionLockService.java
com.netflix.conductor.core.event.WorkflowEvaluationEvent	/private/tmp/projects/conductor/core/src/main/java/com/netflix/conductor/core/event/WorkflowEvaluationEvent.java
com.netflix.conductor.core.exception.TerminateWorkflowException	/private/tmp/projects/conductor/core/src/main/java/com/netflix/conductor/core/exception/TerminateWorkflowException.java
com.netflix.conductor.core.sync.Lock	/private/tmp/projects/conductor/core/src/main/java/com/netflix/conductor/core/sync/Lock.java
com.netflix.conductor.core.utils.ExternalPayloadStorageUtils	/private/tmp/projects/conductor/core/src/main/java/com/netflix/conductor/core/utils/ExternalPayloadStorageUtils.java
com.netflix.conductor.core.execution.mapper.TaskMapper	/private/tmp/projects/conductor/core/src/main/java/com/netflix/conductor/core/execution/mapper/TaskMapper.java
com.netflix.conductor.core.execution.mapper.TaskMapperContext	/private/tmp/projects/conductor/core/src/main/java/com/netflix/conductor/core/execution/mapper/TaskMapperContext.java
com.netflix.conductor.core.execution.mapper.TaskMapperContext$Builder	/private/tmp/projects/conductor/core/src/main/java/com/netflix/conductor/core/execution/mapper/TaskMapperContext.java
com.netflix.conductor.dao.ExecutionDAO	/private/tmp/projects/conductor/core/src/main/java/com/netflix/conductor/dao/ExecutionDAO.java
com.netflix.conductor.dao.IndexDAO	/private/tmp/projects/conductor/core/src/main/java/com/netflix/conductor/dao/IndexDAO.java
com.netflix.conductor.dao.RateLimitingDAO	/private/tmp/projects/conductor/core/src/main/java/com/netflix/conductor/dao/RateLimitingDAO.java
com.netflix.conductor.dao.ConcurrentExecutionLimitDAO	/private/tmp/projects/conductor/core/src/main/java/com/netflix/conductor/dao/ConcurrentExecutionLimitDAO.java
com.netflix.conductor.dao.PollDataDAO	/private/tmp/projects/conductor/core/src/main/java/com/netflix/conductor/dao/PollDataDAO.java
com.netflix.conductor.core.events.queue.Message	/private/tmp/projects/conductor/core/src/main/java/com/netflix/conductor/core/events/queue/Message.java
com.netflix.conductor.Initializer	/private/tmp/projects/conductor/core/src/main/java/com/netflix/conductor/Initializer.java
com.netflix.conductor.core.operation.WorkflowOperation	/private/tmp/projects/conductor/core/src/main/java/com/netflix/conductor/core/operation/WorkflowOperation.java
com.netflix.conductor.core.operation.StartWorkflowOperation	/private/tmp/projects/conductor/core/src/main/java/com/netflix/conductor/core/operation/StartWorkflowOperation.java
com.netflix.conductor.core.execution.StartWorkflowInput	/private/tmp/projects/conductor/core/src/main/java/com/netflix/conductor/core/execution/StartWorkflowInput.java
com.netflix.conductor.core.event.WorkflowCreationEvent	/private/tmp/projects/conductor/core/src/main/java/com/netflix/conductor/core/event/WorkflowCreationEvent.java
com.netflix.conductor.core.reconciliation.WorkflowReconciler	/private/tmp/projects/conductor/core/src/main/java/com/netflix/conductor/core/reconciliation/WorkflowReconciler.java
com.netflix.conductor.core.LifecycleAwareComponent	/private/tmp/projects/conductor/core/src/main/java/com/netflix/conductor/core/LifecycleAwareComponent.java
com.netflix.conductor.core.config.SchedulerConfiguration	/private/tmp/projects/conductor/core/src/main/java/com/netflix/conductor/core/config/SchedulerConfiguration.java
com.netflix.conductor.core.reconciliation.WorkflowSweeper	/private/tmp/projects/conductor/core/src/main/java/com/netflix/conductor/core/reconciliation/WorkflowSweeper.java
com.netflix.conductor.core.reconciliation.WorkflowRepairService	/private/tmp/projects/conductor/core/src/main/java/com/netflix/conductor/core/reconciliation/WorkflowRepairService.java
com.netflix.conductor.core.listener.WorkflowStatusListenerStub	/private/tmp/projects/conductor/core/src/main/java/com/netflix/conductor/core/listener/WorkflowStatusListenerStub.java
com.netflix.conductor.core.events.EventQueues	/private/tmp/projects/conductor/core/src/main/java/com/netflix/conductor/core/events/EventQueues.java
com.netflix.conductor.core.config.ConductorCoreConfiguration	/private/tmp/projects/conductor/core/src/main/java/com/netflix/conductor/core/config/ConductorCoreConfiguration.java
com.netflix.conductor.core.events.EventQueueProvider	/private/tmp/projects/conductor/core/src/main/java/com/netflix/conductor/core/events/EventQueueProvider.java
com.netflix.conductor.core.events.queue.ObservableQueue	/private/tmp/projects/conductor/core/src/main/java/com/netflix/conductor/core/events/queue/ObservableQueue.java
com.netflix.conductor.core.utils.DateTimeUtils	/private/tmp/projects/conductor/core/src/main/java/com/netflix/conductor/core/utils/DateTimeUtils.java
com.netflix.conductor.core.utils.QueueUtils	/private/tmp/projects/conductor/core/src/main/java/com/netflix/conductor/core/utils/QueueUtils.java
com.netflix.conductor.core.utils.JsonUtils	/private/tmp/projects/conductor/core/src/main/java/com/netflix/conductor/core/utils/JsonUtils.java
com.netflix.conductor.core.utils.SemaphoreUtil	/private/tmp/projects/conductor/core/src/main/java/com/netflix/conductor/core/utils/SemaphoreUtil.java
com.netflix.conductor.core.WorkflowContext	/private/tmp/projects/conductor/core/src/main/java/com/netflix/conductor/core/WorkflowContext.java
com.netflix.conductor.core.storage.DummyPayloadStorage	/private/tmp/projects/conductor/core/src/main/java/com/netflix/conductor/core/storage/DummyPayloadStorage.java
com.netflix.conductor.core.execution.AsyncSystemTaskExecutor	/private/tmp/projects/conductor/core/src/main/java/com/netflix/conductor/core/execution/AsyncSystemTaskExecutor.java
com.netflix.conductor.core.execution.tasks.Join	/private/tmp/projects/conductor/core/src/main/java/com/netflix/conductor/core/execution/tasks/Join.java
com.netflix.conductor.core.execution.tasks.Terminate	/private/tmp/projects/conductor/core/src/main/java/com/netflix/conductor/core/execution/tasks/Terminate.java
com.netflix.conductor.core.execution.tasks.ExclusiveJoin	/private/tmp/projects/conductor/core/src/main/java/com/netflix/conductor/core/execution/tasks/ExclusiveJoin.java
com.netflix.conductor.core.execution.tasks.Lambda	/private/tmp/projects/conductor/core/src/main/java/com/netflix/conductor/core/execution/tasks/Lambda.java
com.netflix.conductor.core.execution.tasks.Decision	/private/tmp/projects/conductor/core/src/main/java/com/netflix/conductor/core/execution/tasks/Decision.java
com.netflix.conductor.core.execution.tasks.DoWhile	/private/tmp/projects/conductor/core/src/main/java/com/netflix/conductor/core/execution/tasks/DoWhile.java
com.netflix.conductor.core.execution.tasks.Fork	/private/tmp/projects/conductor/core/src/main/java/com/netflix/conductor/core/execution/tasks/Fork.java
com.netflix.conductor.core.execution.tasks.IsolatedTaskQueueProducer	/private/tmp/projects/conductor/core/src/main/java/com/netflix/conductor/core/execution/tasks/IsolatedTaskQueueProducer.java
com.netflix.conductor.core.execution.tasks.SystemTaskWorker	/private/tmp/projects/conductor/core/src/main/java/com/netflix/conductor/core/execution/tasks/SystemTaskWorker.java
com.netflix.conductor.core.execution.tasks.ExecutionConfig	/private/tmp/projects/conductor/core/src/main/java/com/netflix/conductor/core/execution/tasks/ExecutionConfig.java
com.netflix.conductor.service.ExecutionService	/private/tmp/projects/conductor/core/src/main/java/com/netflix/conductor/service/ExecutionService.java
com.netflix.conductor.core.execution.tasks.Event	/private/tmp/projects/conductor/core/src/main/java/com/netflix/conductor/core/execution/tasks/Event.java
com.netflix.conductor.core.execution.tasks.Human	/private/tmp/projects/conductor/core/src/main/java/com/netflix/conductor/core/execution/tasks/Human.java
com.netflix.conductor.core.execution.tasks.StartWorkflow	/private/tmp/projects/conductor/core/src/main/java/com/netflix/conductor/core/execution/tasks/StartWorkflow.java
com.netflix.conductor.core.execution.tasks.Inline	/private/tmp/projects/conductor/core/src/main/java/com/netflix/conductor/core/execution/tasks/Inline.java
com.netflix.conductor.core.execution.evaluators.Evaluator	/private/tmp/projects/conductor/core/src/main/java/com/netflix/conductor/core/execution/evaluators/Evaluator.java
com.netflix.conductor.core.execution.tasks.SetVariable	/private/tmp/projects/conductor/core/src/main/java/com/netflix/conductor/core/execution/tasks/SetVariable.java
com.netflix.conductor.core.execution.tasks.SubWorkflow	/private/tmp/projects/conductor/core/src/main/java/com/netflix/conductor/core/execution/tasks/SubWorkflow.java
com.netflix.conductor.core.execution.tasks.Switch	/private/tmp/projects/conductor/core/src/main/java/com/netflix/conductor/core/execution/tasks/Switch.java
com.netflix.conductor.core.execution.tasks.SystemTaskWorkerCoordinator	/private/tmp/projects/conductor/core/src/main/java/com/netflix/conductor/core/execution/tasks/SystemTaskWorkerCoordinator.java
com.netflix.conductor.core.execution.tasks.Wait	/private/tmp/projects/conductor/core/src/main/java/com/netflix/conductor/core/execution/tasks/Wait.java
com.netflix.conductor.core.execution.mapper.KafkaPublishTaskMapper	/private/tmp/projects/conductor/core/src/main/java/com/netflix/conductor/core/execution/mapper/KafkaPublishTaskMapper.java
com.netflix.conductor.core.execution.mapper.TerminateTaskMapper	/private/tmp/projects/conductor/core/src/main/java/com/netflix/conductor/core/execution/mapper/TerminateTaskMapper.java
com.netflix.conductor.core.execution.mapper.InlineTaskMapper	/private/tmp/projects/conductor/core/src/main/java/com/netflix/conductor/core/execution/mapper/InlineTaskMapper.java
com.netflix.conductor.core.execution.mapper.JsonJQTransformTaskMapper	/private/tmp/projects/conductor/core/src/main/java/com/netflix/conductor/core/execution/mapper/JsonJQTransformTaskMapper.java
com.netflix.conductor.core.execution.mapper.LambdaTaskMapper	/private/tmp/projects/conductor/core/src/main/java/com/netflix/conductor/core/execution/mapper/LambdaTaskMapper.java
com.netflix.conductor.core.execution.mapper.HTTPTaskMapper	/private/tmp/projects/conductor/core/src/main/java/com/netflix/conductor/core/execution/mapper/HTTPTaskMapper.java
com.netflix.conductor.core.execution.mapper.WaitTaskMapper	/private/tmp/projects/conductor/core/src/main/java/com/netflix/conductor/core/execution/mapper/WaitTaskMapper.java
com.netflix.conductor.core.execution.mapper.SubWorkflowTaskMapper	/private/tmp/projects/conductor/core/src/main/java/com/netflix/conductor/core/execution/mapper/SubWorkflowTaskMapper.java
com.netflix.conductor.core.execution.mapper.SwitchTaskMapper	/private/tmp/projects/conductor/core/src/main/java/com/netflix/conductor/core/execution/mapper/SwitchTaskMapper.java
com.netflix.conductor.core.execution.mapper.SetVariableTaskMapper	/private/tmp/projects/conductor/core/src/main/java/com/netflix/conductor/core/execution/mapper/SetVariableTaskMapper.java
com.netflix.conductor.core.execution.mapper.DecisionTaskMapper	/private/tmp/projects/conductor/core/src/main/java/com/netflix/conductor/core/execution/mapper/DecisionTaskMapper.java
com.netflix.conductor.core.execution.mapper.JoinTaskMapper	/private/tmp/projects/conductor/core/src/main/java/com/netflix/conductor/core/execution/mapper/JoinTaskMapper.java
com.netflix.conductor.core.execution.mapper.ExclusiveJoinTaskMapper	/private/tmp/projects/conductor/core/src/main/java/com/netflix/conductor/core/execution/mapper/ExclusiveJoinTaskMapper.java
com.netflix.conductor.core.execution.mapper.StartWorkflowTaskMapper	/private/tmp/projects/conductor/core/src/main/java/com/netflix/conductor/core/execution/mapper/StartWorkflowTaskMapper.java
com.netflix.conductor.core.execution.mapper.SimpleTaskMapper	/private/tmp/projects/conductor/core/src/main/java/com/netflix/conductor/core/execution/mapper/SimpleTaskMapper.java
com.netflix.conductor.core.execution.mapper.EventTaskMapper	/private/tmp/projects/conductor/core/src/main/java/com/netflix/conductor/core/execution/mapper/EventTaskMapper.java
com.netflix.conductor.core.execution.mapper.ForkJoinTaskMapper	/private/tmp/projects/conductor/core/src/main/java/com/netflix/conductor/core/execution/mapper/ForkJoinTaskMapper.java
com.netflix.conductor.core.execution.mapper.ForkJoinDynamicTaskMapper	/private/tmp/projects/conductor/core/src/main/java/com/netflix/conductor/core/execution/mapper/ForkJoinDynamicTaskMapper.java
com.netflix.conductor.core.execution.mapper.ForkJoinDynamicTaskMapper$1	/private/tmp/projects/conductor/core/src/main/java/com/netflix/conductor/core/execution/mapper/ForkJoinDynamicTaskMapper.java
com.netflix.conductor.core.execution.mapper.HumanTaskMapper	/private/tmp/projects/conductor/core/src/main/java/com/netflix/conductor/core/execution/mapper/HumanTaskMapper.java
com.netflix.conductor.core.execution.mapper.DynamicTaskMapper	/private/tmp/projects/conductor/core/src/main/java/com/netflix/conductor/core/execution/mapper/DynamicTaskMapper.java
com.netflix.conductor.core.execution.mapper.UserDefinedTaskMapper	/private/tmp/projects/conductor/core/src/main/java/com/netflix/conductor/core/execution/mapper/UserDefinedTaskMapper.java
com.netflix.conductor.core.execution.mapper.DoWhileTaskMapper	/private/tmp/projects/conductor/core/src/main/java/com/netflix/conductor/core/execution/mapper/DoWhileTaskMapper.java
com.netflix.conductor.core.execution.evaluators.JavascriptEvaluator	/private/tmp/projects/conductor/core/src/main/java/com/netflix/conductor/core/execution/evaluators/JavascriptEvaluator.java
com.netflix.conductor.core.execution.evaluators.ValueParamEvaluator	/private/tmp/projects/conductor/core/src/main/java/com/netflix/conductor/core/execution/evaluators/ValueParamEvaluator.java
com.netflix.conductor.core.index.NoopIndexDAO	/private/tmp/projects/conductor/core/src/main/java/com/netflix/conductor/core/index/NoopIndexDAO.java
com.netflix.conductor.core.index.NoopIndexDAOConfiguration	/private/tmp/projects/conductor/core/src/main/java/com/netflix/conductor/core/index/NoopIndexDAOConfiguration.java
com.netflix.conductor.core.sync.noop.NoopLock	/private/tmp/projects/conductor/core/src/main/java/com/netflix/conductor/core/sync/noop/NoopLock.java
com.netflix.conductor.core.sync.local.LocalOnlyLockConfiguration	/private/tmp/projects/conductor/core/src/main/java/com/netflix/conductor/core/sync/local/LocalOnlyLockConfiguration.java
com.netflix.conductor.core.sync.local.LocalOnlyLock	/private/tmp/projects/conductor/core/src/main/java/com/netflix/conductor/core/sync/local/LocalOnlyLock.java
com.netflix.conductor.core.sync.local.LocalOnlyLock$1	/private/tmp/projects/conductor/core/src/main/java/com/netflix/conductor/core/sync/local/LocalOnlyLock.java
com.netflix.conductor.core.events.DefaultEventProcessor	/private/tmp/projects/conductor/core/src/main/java/com/netflix/conductor/core/events/DefaultEventProcessor.java
com.netflix.conductor.core.events.ActionProcessor	/private/tmp/projects/conductor/core/src/main/java/com/netflix/conductor/core/events/ActionProcessor.java
com.netflix.conductor.core.events.DefaultEventQueueManager	/private/tmp/projects/conductor/core/src/main/java/com/netflix/conductor/core/events/DefaultEventQueueManager.java
com.netflix.conductor.core.events.EventQueueManager	/private/tmp/projects/conductor/core/src/main/java/com/netflix/conductor/core/events/EventQueueManager.java
com.netflix.conductor.dao.EventHandlerDAO	/private/tmp/projects/conductor/core/src/main/java/com/netflix/conductor/dao/EventHandlerDAO.java
com.netflix.conductor.core.events.SimpleActionProcessor	/private/tmp/projects/conductor/core/src/main/java/com/netflix/conductor/core/events/SimpleActionProcessor.java
com.netflix.conductor.core.events.queue.DefaultEventQueueProcessor	/private/tmp/projects/conductor/core/src/main/java/com/netflix/conductor/core/events/queue/DefaultEventQueueProcessor.java
com.netflix.conductor.core.events.queue.DefaultEventQueueProcessor$1	/private/tmp/projects/conductor/core/src/main/java/com/netflix/conductor/core/events/queue/DefaultEventQueueProcessor.java
com.netflix.conductor.core.events.queue.ConductorObservableQueue	/private/tmp/projects/conductor/core/src/main/java/com/netflix/conductor/core/events/queue/ConductorObservableQueue.java
com.netflix.conductor.core.events.queue.ConductorEventQueueProvider	/private/tmp/projects/conductor/core/src/main/java/com/netflix/conductor/core/events/queue/ConductorEventQueueProvider.java
com.netflix.conductor.core.events.ScriptEvaluator	/private/tmp/projects/conductor/core/src/main/java/com/netflix/conductor/core/events/ScriptEvaluator.java
com.netflix.conductor.core.exception.ConflictException	/private/tmp/projects/conductor/core/src/main/java/com/netflix/conductor/core/exception/ConflictException.java
com.netflix.conductor.core.exception.TransientException	/private/tmp/projects/conductor/core/src/main/java/com/netflix/conductor/core/exception/TransientException.java
com.netflix.conductor.core.exception.NotFoundException	/private/tmp/projects/conductor/core/src/main/java/com/netflix/conductor/core/exception/NotFoundException.java
com.netflix.conductor.core.exception.NonTransientException	/private/tmp/projects/conductor/core/src/main/java/com/netflix/conductor/core/exception/NonTransientException.java
com.netflix.conductor.validations.WorkflowTaskTypeConstraint	/private/tmp/projects/conductor/core/src/main/java/com/netflix/conductor/validations/WorkflowTaskTypeConstraint.java
com.netflix.conductor.validations.WorkflowTaskTypeConstraint$WorkflowTaskValidator	/private/tmp/projects/conductor/core/src/main/java/com/netflix/conductor/validations/WorkflowTaskTypeConstraint.java
com.netflix.conductor.validations.ValidationContext	/private/tmp/projects/conductor/core/src/main/java/com/netflix/conductor/validations/ValidationContext.java
com.netflix.conductor.annotations.VisibleForTesting	/private/tmp/projects/conductor/core/src/main/java/com/netflix/conductor/annotations/VisibleForTesting.java
com.netflix.conductor.annotations.Audit	/private/tmp/projects/conductor/core/src/main/java/com/netflix/conductor/annotations/Audit.java
com.netflix.conductor.NullUnmarked	/private/tmp/projects/conductor/core/src/main/java/com/netflix/conductor/NullUnmarked.java
com.netflix.conductor.service.AdminService	/private/tmp/projects/conductor/core/src/main/java/com/netflix/conductor/service/AdminService.java
com.netflix.conductor.service.WorkflowBulkServiceImpl	/private/tmp/projects/conductor/core/src/main/java/com/netflix/conductor/service/WorkflowBulkServiceImpl.java
com.netflix.conductor.service.WorkflowBulkService	/private/tmp/projects/conductor/core/src/main/java/com/netflix/conductor/service/WorkflowBulkService.java
com.netflix.conductor.service.WorkflowServiceImpl	/private/tmp/projects/conductor/core/src/main/java/com/netflix/conductor/service/WorkflowServiceImpl.java
com.netflix.conductor.service.WorkflowService	/private/tmp/projects/conductor/core/src/main/java/com/netflix/conductor/service/WorkflowService.java
com.netflix.conductor.service.EventServiceImpl	/private/tmp/projects/conductor/core/src/main/java/com/netflix/conductor/service/EventServiceImpl.java
com.netflix.conductor.service.EventService	/private/tmp/projects/conductor/core/src/main/java/com/netflix/conductor/service/EventService.java
com.netflix.conductor.service.MetadataServiceImpl	/private/tmp/projects/conductor/core/src/main/java/com/netflix/conductor/service/MetadataServiceImpl.java
com.netflix.conductor.service.TaskService	/private/tmp/projects/conductor/core/src/main/java/com/netflix/conductor/service/TaskService.java
com.netflix.conductor.service.TaskServiceImpl	/private/tmp/projects/conductor/core/src/main/java/com/netflix/conductor/service/TaskServiceImpl.java
com.netflix.conductor.service.AdminServiceImpl	/private/tmp/projects/conductor/core/src/main/java/com/netflix/conductor/service/AdminServiceImpl.java
